epoch;acc;loss;val_acc;val_loss
0;0.9615500022284686;0.0986017236308544;0.9773000037670135;0.0573298259312287
1;0.988175003901124;0.03337491801337819;0.9938000050187111;0.01774048493931332
2;0.9910000033676625;0.025610269005824193;0.9922000044584274;0.02051927427877672
3;0.9920500034093857;0.022641701922275388;0.9926000037789344;0.018931662315953873
